<?xml version="1.0" encoding="UTF-8"?>
<LightningComponentBundle xmlns="http://soap.sforce.com/2006/04/metadata">
    <apiVersion>59.0</apiVersion>
    <isExposed>true</isExposed>
    <masterLabel>Voicecall Session Player</masterLabel>
    <description>Displays call recordings and synchronized transcripts for VoicecallSession records related to a Case</description>
    <targets>
        <target>lightning__RecordPage</target>
        <target>lightning__AppPage</target>
        <target>lightning__HomePage</target>
    </targets>
    <targetConfigs>
        <targetConfig targets="lightning__RecordPage">
            <objects>
                <object>Case</object>
            </objects>
        </targetConfig>
    </targetConfigs>
</LightningComponentBundle>

